{
  "results": [
    {
      "command": "node dist/cli.js build",
      "mean": 2.793580802,
      "stddev": 0.005056939430611158,
      "median": 2.7927909199999994,
      "user": 2.793580802,
      "system": 0,
      "min": 2.787734268000001,
      "max": 2.8018262249999997,
      "times": [
        2.787734268000001,
        2.8018262249999997,
        2.7893284109999987,
        2.796224186000001,
        2.7927909199999994
      ]
    }
  ]
}