{
  "results": [
    {
      "command": "node dist/cli.js build",
      "mean": 2.8819814353999993,
      "stddev": 0.0326398967490062,
      "median": 2.876380868999999,
      "user": 2.8819814353999993,
      "system": 0,
      "min": 2.843924693,
      "max": 2.941594062,
      "times": [
        2.843924693,
        2.864888378,
        2.883119175,
        2.941594062,
        2.876380868999999
      ]
    }
  ]
}