{
  "results": [
    {
      "command": "node dist/cli.js build",
      "mean": 2.7968661334000005,
      "stddev": 0.057676179316368745,
      "median": 2.7911268760000003,
      "user": 2.7968661334000005,
      "system": 0,
      "min": 2.720889241,
      "max": 2.8896240880000024,
      "times": [
        2.758464521,
        2.720889241,
        2.7911268760000003,
        2.824225941000001,
        2.8896240880000024
      ]
    }
  ]
}