{
  "results": [
    {
      "command": "node dist/cli.js build",
      "mean": 2.7911573130000003,
      "stddev": 0.039629844772540154,
      "median": 2.8024790729999984,
      "user": 2.7911573130000003,
      "system": 0,
      "min": 2.7290167040000006,
      "max": 2.838424981,
      "times": [
        2.764450913,
        2.7290167040000006,
        2.8024790729999984,
        2.838424981,
        2.8214148939999997
      ]
    }
  ]
}